{"cameraMode":{"drawMode":0,"name":"Shaded","section":"Shading Mode"},"sceneLighting":true,"audioPlay":false,"sceneViewState":{"showFog":true,"showMaterialUpdate":false,"showSkybox":true,"showFlares":true,"showImageEffects":true,"showParticleSystems":true},"in2DMode":false,"pivot":{"x":247.8975372314453,"y":10.873149871826172,"z":164.2649688720703},"rotation":{"x":-0.21292459964752198,"y":0.04599877446889877,"z":-0.01003575511276722,"w":-0.9759337306022644},"size":2.522331953048706,"orthographic":false}