{"cameraMode":{"drawMode":0,"name":"Shaded","section":"Shading Mode"},"sceneLighting":true,"audioPlay":false,"sceneViewState":{"showFog":true,"showMaterialUpdate":false,"showSkybox":true,"showFlares":true,"showImageEffects":true,"showParticleSystems":true},"in2DMode":false,"pivot":{"x":183.21099853515626,"y":14.924999237060547,"z":129.34500122070313},"rotation":{"x":-0.04823678359389305,"y":0.047025907784700397,"z":-0.0022735032252967359,"w":-0.997725784778595},"size":3.401561975479126,"orthographic":false}